{
    "IsoMu24_OR_IsoTkMu24_PtBins": {
        "pt_ratio": {
            "pt:[22.0,24.0]": {
                "value": 1.5987954139709473, 
                "error": 0.027465313360530888
            }, 
            "pt:[18.0,22.0]": {
                "value": 4.388949394226074, 
                "error": 0.7039242767380061
            }, 
            "pt:[120.0,200.0]": {
                "value": 0.975191056728363, 
                "error": 0.00316913593219145
            }, 
            "pt:[15.0,18.0]": {
                "value": 15.072855949401855, 
                "error": 23.764711054601786
            }, 
            "pt:[10.0,15.0]": {
                "value": 0.0, 
                "error": 0.0
            }, 
            "pt:[80.0,120.0]": {
                "value": 0.977958083152771, 
                "error": 0.0014682069012655848
            }, 
            "pt:[26.0,30.0]": {
                "value": 0.9664221405982971, 
                "error": 0.0006684475850857714
            }, 
            "pt:[30.0,40.0]": {
                "value": 0.9781169295310974, 
                "error": 0.0002596942825716038
            }, 
            "pt:[24.0,26.0]": {
                "value": 0.9372894167900085, 
                "error": 0.0013546440754781453
            }, 
            "pt:[200.0,500.0]": {
                "value": 0.9704045653343201, 
                "error": 0.0077163120380672285
            }, 
            "pt:[60.0,80.0]": {
                "value": 0.9804369211196899, 
                "error": 0.0006854434149065706
            }, 
            "pt:[50.0,60.0]": {
                "value": 0.98216313123703, 
                "error": 0.0004275641716799847
            }, 
            "pt:[0.0,10.0]": {
                "value": 0.0, 
                "error": 0.0
            }, 
            "pt:[40.0,50.0]": {
                "value": 0.9818692207336426, 
                "error": 0.00020302311424332464
            }
        }
    }
}
