{
  "_description": "Efficiencies for muon pT > 41,by Sami 20121003-160154",
  "dataParameters": {
    "Run2011A_Mu20": {
      "efficiency": 0.88296799999999998,
      "firstRun": 160431,
      "lastRun": 163261,
      "luminosity": 46.969999999999999,
      "uncertainty": 0.0030070000000000001
    },
    "Run2011A_Mu24": {
      "efficiency": 0.89137500000000003,
      "firstRun": 163270,
      "lastRun": 163869,
      "luminosity": 168.66399999999999,
      "uncertainty": 0.0015169999999999999
    },
    "Run2011A_Mu30": {
      "efficiency": 0.90491500000000002,
      "firstRun": 165088,
      "lastRun": 166150,
      "luminosity": 238.51400000000001,
      "uncertainty": 0.000522
    },
    "Run2011A_Mu40": {
      "efficiency": 0.87739500000000004,
      "firstRun": 166161,
      "lastRun": 173198,
      "luminosity": 1590.5,
      "uncertainty": 0.000522
    },
    "Run2011A_Mu40_eta2p1": {
      "efficiency": 0.86764600000000003,
      "firstRun": 173236,
      "lastRun": 177452,
      "luminosity": 264.44299999999998,
      "uncertainty": 0.0013470000000000001
    },
    "Run2011B_Mu40_eta2p1": {
      "efficiency": 0.95771200000000001,
      "firstRun": 177453,
      "lastRun": 180371,
      "luminosity": 2740.0,
      "uncertainty": 0.000252
    }
  },
  "mcParameters": {
    "Fall11_2012AB": {
      "efficiency": 0.88824099999999995,
      "uncertainty": 0.00018699999999999999
    }
  }
}
